text;author_name;category;status
"فائدة: نوح عليه السلام — من أول الرسل إلى أهل الأرض بعد آدم؟ [import-1]";"سُنّة";"فوائد قرآنية";"approved"
"فائدة: إبراهيم عليه السلام — من النبي الذي اتخذه الله خليلاً؟ [import-2]";"سُنّة";"فوائد قرآنية";"approved"
"فائدة: موسى عليه السلام — من النبي الذي كلمه الله تكليماً؟ [import-3]";"سُنّة";"فوائد قرآنية";"approved"
"فائدة: هود عليه السلام — من النبي الذي أرسل إلى قوم عاد؟ [import-4]";"سُنّة";"فوائد قرآنية";"approved"
"فائدة: صالح عليه السلام — من النبي الذي أرسل إلى قوم ثمود؟ [import-5]";"سُنّة";"فوائد قرآنية";"approved"
"فائدة: يونس عليه السلام — من النبي الذي ابتلعه الحوت؟ [import-6]";"سُنّة";"فوائد قرآنية";"approved"
"فائدة: عيسى عليه السلام — من النبي الذي رفعه الله إليه؟ [import-7]";"سُنّة";"فوائد قرآنية";"approved"
"فائدة: إبراهيم عليه السلام — من والد إسماعيل عليه السلام؟ [import-8]";"سُنّة";"فوائد قرآنية";"approved"
"فائدة: سليمان عليه السلام — من النبي الذي سخر الله له الريح؟ [import-9]";"سُنّة";"فوائد قرآنية";"approved"
"فائدة: أيوب عليه السلام — من النبي الذي اشتهر بالصبر على البلاء؟ [import-10]";"سُنّة";"فوائد قرآنية";"approved"
"فائدة: أبو بكر الصديق — من أول الخلفاء الراشدين؟ [import-11]";"سُنّة";"فوائد قرآنية";"approved"
"فائدة: عمر بن الخطاب — من ثاني الخلفاء الراشدين؟ [import-12]";"سُنّة";"فوائد قرآنية";"approved"
"فائدة: عثمان بن عفان — من ثالث الخلفاء الراشدين؟ [import-13]";"سُنّة";"فوائد قرآنية";"approved"
"فائدة: علي بن أبي طالب — من رابع الخلفاء الراشدين؟ [import-14]";"سُنّة";"فوائد قرآنية";"approved"
"فائدة: عثمان بن عفان — من الصحابي الملقب بذي النورين؟ [import-15]";"سُنّة";"فوائد قرآنية";"approved"
"فائدة: عمر بن الخطاب — من الصحابي الملقب بالفاروق؟ [import-16]";"سُنّة";"فوائد قرآنية";"approved"
"فائدة: نوح عليه السلام — من أول الرسل إلى أهل الأرض بعد آدم؟ [import-17]";"سُنّة";"فوائد حديثية";"approved"
"فائدة: إبراهيم عليه السلام — من النبي الذي اتخذه الله خليلاً؟ [import-18]";"سُنّة";"فوائد حديثية";"approved"
"فائدة: موسى عليه السلام — من النبي الذي كلمه الله تكليماً؟ [import-19]";"سُنّة";"فوائد حديثية";"approved"
"فائدة: هود عليه السلام — من النبي الذي أرسل إلى قوم عاد؟ [import-20]";"سُنّة";"فوائد حديثية";"approved"
"فائدة: صالح عليه السلام — من النبي الذي أرسل إلى قوم ثمود؟ [import-21]";"سُنّة";"فوائد حديثية";"approved"
"فائدة: يونس عليه السلام — من النبي الذي ابتلعه الحوت؟ [import-22]";"سُنّة";"فوائد حديثية";"approved"
"فائدة: عيسى عليه السلام — من النبي الذي رفعه الله إليه؟ [import-23]";"سُنّة";"فوائد حديثية";"approved"
"فائدة: إبراهيم عليه السلام — من والد إسماعيل عليه السلام؟ [import-24]";"سُنّة";"فوائد حديثية";"approved"
"فائدة: سليمان عليه السلام — من النبي الذي سخر الله له الريح؟ [import-25]";"سُنّة";"فوائد حديثية";"approved"
"فائدة: أيوب عليه السلام — من النبي الذي اشتهر بالصبر على البلاء؟ [import-26]";"سُنّة";"فوائد حديثية";"approved"
"فائدة: أبو بكر الصديق — من أول الخلفاء الراشدين؟ [import-27]";"سُنّة";"فوائد حديثية";"approved"
"فائدة: عمر بن الخطاب — من ثاني الخلفاء الراشدين؟ [import-28]";"سُنّة";"فوائد حديثية";"approved"
"فائدة: عثمان بن عفان — من ثالث الخلفاء الراشدين؟ [import-29]";"سُنّة";"فوائد حديثية";"approved"
"فائدة: علي بن أبي طالب — من رابع الخلفاء الراشدين؟ [import-30]";"سُنّة";"فوائد حديثية";"approved"
"فائدة: عثمان بن عفان — من الصحابي الملقب بذي النورين؟ [import-31]";"سُنّة";"فوائد حديثية";"approved"
"فائدة: عمر بن الخطاب — من الصحابي الملقب بالفاروق؟ [import-32]";"سُنّة";"فوائد حديثية";"approved"
"فائدة: إبراهيم عليه السلام — من النبي الذي اتخذه الله خليلاً؟ [import-33]";"سُنّة";"فوائد عقدية";"approved"
"فائدة: موسى عليه السلام — من النبي الذي كلمه الله تكليماً؟ [import-34]";"سُنّة";"فوائد عقدية";"approved"
"فائدة: عيسى عليه السلام — من النبي الذي رفعه الله إليه؟ [import-35]";"سُنّة";"فوائد عقدية";"approved"
"فائدة: سليمان عليه السلام — من النبي الذي سخر الله له الريح؟ [import-36]";"سُنّة";"فوائد عقدية";"approved"
"فائدة: عائشة رضي الله عنها — من أم المؤمنين ابنة أبي بكر؟ [import-37]";"سُنّة";"فوائد عقدية";"approved"
"فائدة: المدينة المنورة — إلى أي مدينة هاجر النبي صلى الله عليه وسلم؟ [import-38]";"سُنّة";"فوائد عقدية";"approved"
"فائدة: أبو بكر الصديق — من صاحب النبي صلى الله عليه وسلم في الهجرة؟ [import-39]";"سُنّة";"فوائد عقدية";"approved"
"فائدة: مسجد قباء — ما أول مسجد أسسه النبي صلى الله عليه وسلم بعد الهجرة؟ [import-40]";"سُنّة";"فوائد عقدية";"approved"
"فائدة: صلح الحديبية — ما اسم الصلح الذي عقده النبي صلى الله عليه وسلم مع قريش؟ [import-41]";"سُنّة";"فوائد عقدية";"approved"
"فائدة: فتح مكة — ما الحدث الذي دخل فيه النبي صلى الله عليه وسلم مكة فاتحاً؟ [import-42]";"سُنّة";"فوائد عقدية";"approved"
"فائدة: عبد الله بن عباس — من الصحابي المشهور بتفسير القرآن؟ [import-43]";"سُنّة";"فوائد عقدية";"approved"
"فائدة: نوح عليه السلام — من أول الرسل إلى أهل الأرض بعد آدم؟ [import-44]";"سُنّة";"فوائد عقدية";"approved"
"فائدة: هود عليه السلام — من النبي الذي أرسل إلى قوم عاد؟ [import-45]";"سُنّة";"فوائد عقدية";"approved"
"فائدة: صالح عليه السلام — من النبي الذي أرسل إلى قوم ثمود؟ [import-46]";"سُنّة";"فوائد عقدية";"approved"
"فائدة: يونس عليه السلام — من النبي الذي ابتلعه الحوت؟ [import-47]";"سُنّة";"فوائد عقدية";"approved"
"فائدة: إبراهيم عليه السلام — من والد إسماعيل عليه السلام؟ [import-48]";"سُنّة";"فوائد عقدية";"approved"
"فائدة: الزكاة — ما العبادة المالية الواجبة على المال بشروطها؟ [import-49]";"سُنّة";"فوائد فقهية";"approved"
"فائدة: نوح عليه السلام — من أول الرسل إلى أهل الأرض بعد آدم؟ [import-50]";"سُنّة";"فوائد فقهية";"approved"
"فائدة: إبراهيم عليه السلام — من النبي الذي اتخذه الله خليلاً؟ [import-51]";"سُنّة";"فوائد فقهية";"approved"
"فائدة: موسى عليه السلام — من النبي الذي كلمه الله تكليماً؟ [import-52]";"سُنّة";"فوائد فقهية";"approved"
"فائدة: هود عليه السلام — من النبي الذي أرسل إلى قوم عاد؟ [import-53]";"سُنّة";"فوائد فقهية";"approved"
"فائدة: صالح عليه السلام — من النبي الذي أرسل إلى قوم ثمود؟ [import-54]";"سُنّة";"فوائد فقهية";"approved"
"فائدة: يونس عليه السلام — من النبي الذي ابتلعه الحوت؟ [import-55]";"سُنّة";"فوائد فقهية";"approved"
"فائدة: عيسى عليه السلام — من النبي الذي رفعه الله إليه؟ [import-56]";"سُنّة";"فوائد فقهية";"approved"
"فائدة: إبراهيم عليه السلام — من والد إسماعيل عليه السلام؟ [import-57]";"سُنّة";"فوائد فقهية";"approved"
"فائدة: سليمان عليه السلام — من النبي الذي سخر الله له الريح؟ [import-58]";"سُنّة";"فوائد فقهية";"approved"
"فائدة: أيوب عليه السلام — من النبي الذي اشتهر بالصبر على البلاء؟ [import-59]";"سُنّة";"فوائد فقهية";"approved"
"فائدة: أبو بكر الصديق — من أول الخلفاء الراشدين؟ [import-60]";"سُنّة";"فوائد فقهية";"approved"
"فائدة: عمر بن الخطاب — من ثاني الخلفاء الراشدين؟ [import-61]";"سُنّة";"فوائد فقهية";"approved"
"فائدة: عثمان بن عفان — من ثالث الخلفاء الراشدين؟ [import-62]";"سُنّة";"فوائد فقهية";"approved"
"فائدة: علي بن أبي طالب — من رابع الخلفاء الراشدين؟ [import-63]";"سُنّة";"فوائد فقهية";"approved"
"فائدة: عثمان بن عفان — من الصحابي الملقب بذي النورين؟ [import-64]";"سُنّة";"فوائد فقهية";"approved"
"فائدة: نوح عليه السلام — من أول الرسل إلى أهل الأرض بعد آدم؟ [import-65]";"سُنّة";"فوائد تربوية";"approved"
"فائدة: إبراهيم عليه السلام — من النبي الذي اتخذه الله خليلاً؟ [import-66]";"سُنّة";"فوائد تربوية";"approved"
"فائدة: موسى عليه السلام — من النبي الذي كلمه الله تكليماً؟ [import-67]";"سُنّة";"فوائد تربوية";"approved"
"فائدة: هود عليه السلام — من النبي الذي أرسل إلى قوم عاد؟ [import-68]";"سُنّة";"فوائد تربوية";"approved"
"فائدة: صالح عليه السلام — من النبي الذي أرسل إلى قوم ثمود؟ [import-69]";"سُنّة";"فوائد تربوية";"approved"
"فائدة: يونس عليه السلام — من النبي الذي ابتلعه الحوت؟ [import-70]";"سُنّة";"فوائد تربوية";"approved"
"فائدة: عيسى عليه السلام — من النبي الذي رفعه الله إليه؟ [import-71]";"سُنّة";"فوائد تربوية";"approved"
"فائدة: إبراهيم عليه السلام — من والد إسماعيل عليه السلام؟ [import-72]";"سُنّة";"فوائد تربوية";"approved"
"فائدة: سليمان عليه السلام — من النبي الذي سخر الله له الريح؟ [import-73]";"سُنّة";"فوائد تربوية";"approved"
"فائدة: أيوب عليه السلام — من النبي الذي اشتهر بالصبر على البلاء؟ [import-74]";"سُنّة";"فوائد تربوية";"approved"
"فائدة: أبو بكر الصديق — من أول الخلفاء الراشدين؟ [import-75]";"سُنّة";"فوائد تربوية";"approved"
"فائدة: عمر بن الخطاب — من ثاني الخلفاء الراشدين؟ [import-76]";"سُنّة";"فوائد تربوية";"approved"
"فائدة: عثمان بن عفان — من ثالث الخلفاء الراشدين؟ [import-77]";"سُنّة";"فوائد تربوية";"approved"
"فائدة: علي بن أبي طالب — من رابع الخلفاء الراشدين؟ [import-78]";"سُنّة";"فوائد تربوية";"approved"
"فائدة: عثمان بن عفان — من الصحابي الملقب بذي النورين؟ [import-79]";"سُنّة";"فوائد تربوية";"approved"
"فائدة: عمر بن الخطاب — من الصحابي الملقب بالفاروق؟ [import-80]";"سُنّة";"فوائد تربوية";"approved"
"فائدة: نوح عليه السلام — من أول الرسل إلى أهل الأرض بعد آدم؟ [import-81]";"سُنّة";"فوائد دعوية";"approved"
"فائدة: إبراهيم عليه السلام — من النبي الذي اتخذه الله خليلاً؟ [import-82]";"سُنّة";"فوائد دعوية";"approved"
"فائدة: موسى عليه السلام — من النبي الذي كلمه الله تكليماً؟ [import-83]";"سُنّة";"فوائد دعوية";"approved"
"فائدة: هود عليه السلام — من النبي الذي أرسل إلى قوم عاد؟ [import-84]";"سُنّة";"فوائد دعوية";"approved"
"فائدة: صالح عليه السلام — من النبي الذي أرسل إلى قوم ثمود؟ [import-85]";"سُنّة";"فوائد دعوية";"approved"
"فائدة: يونس عليه السلام — من النبي الذي ابتلعه الحوت؟ [import-86]";"سُنّة";"فوائد دعوية";"approved"
"فائدة: عيسى عليه السلام — من النبي الذي رفعه الله إليه؟ [import-87]";"سُنّة";"فوائد دعوية";"approved"
"فائدة: إبراهيم عليه السلام — من والد إسماعيل عليه السلام؟ [import-88]";"سُنّة";"فوائد دعوية";"approved"
"فائدة: سليمان عليه السلام — من النبي الذي سخر الله له الريح؟ [import-89]";"سُنّة";"فوائد دعوية";"approved"
"فائدة: أيوب عليه السلام — من النبي الذي اشتهر بالصبر على البلاء؟ [import-90]";"سُنّة";"فوائد دعوية";"approved"
"فائدة: أبو بكر الصديق — من أول الخلفاء الراشدين؟ [import-91]";"سُنّة";"فوائد دعوية";"approved"
"فائدة: عمر بن الخطاب — من ثاني الخلفاء الراشدين؟ [import-92]";"سُنّة";"فوائد دعوية";"approved"
"فائدة: عثمان بن عفان — من ثالث الخلفاء الراشدين؟ [import-93]";"سُنّة";"فوائد دعوية";"approved"
"فائدة: علي بن أبي طالب — من رابع الخلفاء الراشدين؟ [import-94]";"سُنّة";"فوائد دعوية";"approved"
"فائدة: عثمان بن عفان — من الصحابي الملقب بذي النورين؟ [import-95]";"سُنّة";"فوائد دعوية";"approved"
"فائدة: عمر بن الخطاب — من الصحابي الملقب بالفاروق؟ [import-96]";"سُنّة";"فوائد دعوية";"approved"
"فائدة: نوح عليه السلام — من أول الرسل إلى أهل الأرض بعد آدم؟ [import-97]";"سُنّة";"آداب وأخلاق";"approved"
"فائدة: إبراهيم عليه السلام — من النبي الذي اتخذه الله خليلاً؟ [import-98]";"سُنّة";"آداب وأخلاق";"approved"
"فائدة: موسى عليه السلام — من النبي الذي كلمه الله تكليماً؟ [import-99]";"سُنّة";"آداب وأخلاق";"approved"
"فائدة: هود عليه السلام — من النبي الذي أرسل إلى قوم عاد؟ [import-100]";"سُنّة";"آداب وأخلاق";"approved"
"فائدة: صالح عليه السلام — من النبي الذي أرسل إلى قوم ثمود؟ [import-101]";"سُنّة";"آداب وأخلاق";"approved"
"فائدة: يونس عليه السلام — من النبي الذي ابتلعه الحوت؟ [import-102]";"سُنّة";"آداب وأخلاق";"approved"
"فائدة: عيسى عليه السلام — من النبي الذي رفعه الله إليه؟ [import-103]";"سُنّة";"آداب وأخلاق";"approved"
"فائدة: إبراهيم عليه السلام — من والد إسماعيل عليه السلام؟ [import-104]";"سُنّة";"آداب وأخلاق";"approved"
"فائدة: سليمان عليه السلام — من النبي الذي سخر الله له الريح؟ [import-105]";"سُنّة";"آداب وأخلاق";"approved"
"فائدة: أيوب عليه السلام — من النبي الذي اشتهر بالصبر على البلاء؟ [import-106]";"سُنّة";"آداب وأخلاق";"approved"
"فائدة: أبو بكر الصديق — من أول الخلفاء الراشدين؟ [import-107]";"سُنّة";"آداب وأخلاق";"approved"
"فائدة: عمر بن الخطاب — من ثاني الخلفاء الراشدين؟ [import-108]";"سُنّة";"آداب وأخلاق";"approved"
"فائدة: عثمان بن عفان — من ثالث الخلفاء الراشدين؟ [import-109]";"سُنّة";"آداب وأخلاق";"approved"
"فائدة: علي بن أبي طالب — من رابع الخلفاء الراشدين؟ [import-110]";"سُنّة";"آداب وأخلاق";"approved"
"فائدة: عثمان بن عفان — من الصحابي الملقب بذي النورين؟ [import-111]";"سُنّة";"آداب وأخلاق";"approved"
"فائدة: عمر بن الخطاب — من الصحابي الملقب بالفاروق؟ [import-112]";"سُنّة";"آداب وأخلاق";"approved"
"فائدة: نوح عليه السلام — من أول الرسل إلى أهل الأرض بعد آدم؟ [import-113]";"سُنّة";"فوائد قرآنية";"approved"
"فائدة: إبراهيم عليه السلام — من النبي الذي اتخذه الله خليلاً؟ [import-114]";"سُنّة";"فوائد قرآنية";"approved"
"فائدة: موسى عليه السلام — من النبي الذي كلمه الله تكليماً؟ [import-115]";"سُنّة";"فوائد قرآنية";"approved"
"فائدة: هود عليه السلام — من النبي الذي أرسل إلى قوم عاد؟ [import-116]";"سُنّة";"فوائد قرآنية";"approved"
"فائدة: صالح عليه السلام — من النبي الذي أرسل إلى قوم ثمود؟ [import-117]";"سُنّة";"فوائد قرآنية";"approved"
"فائدة: يونس عليه السلام — من النبي الذي ابتلعه الحوت؟ [import-118]";"سُنّة";"فوائد قرآنية";"approved"
"فائدة: عيسى عليه السلام — من النبي الذي رفعه الله إليه؟ [import-119]";"سُنّة";"فوائد قرآنية";"approved"
"فائدة: إبراهيم عليه السلام — من والد إسماعيل عليه السلام؟ [import-120]";"سُنّة";"فوائد قرآنية";"approved"
"فائدة: سليمان عليه السلام — من النبي الذي سخر الله له الريح؟ [import-121]";"سُنّة";"فوائد قرآنية";"approved"
"فائدة: أيوب عليه السلام — من النبي الذي اشتهر بالصبر على البلاء؟ [import-122]";"سُنّة";"فوائد قرآنية";"approved"
"فائدة: أبو بكر الصديق — من أول الخلفاء الراشدين؟ [import-123]";"سُنّة";"فوائد قرآنية";"approved"
"فائدة: عمر بن الخطاب — من ثاني الخلفاء الراشدين؟ [import-124]";"سُنّة";"فوائد قرآنية";"approved"
"فائدة: عثمان بن عفان — من ثالث الخلفاء الراشدين؟ [import-125]";"سُنّة";"فوائد قرآنية";"approved"
"فائدة: علي بن أبي طالب — من رابع الخلفاء الراشدين؟ [import-126]";"سُنّة";"فوائد قرآنية";"approved"
"فائدة: عثمان بن عفان — من الصحابي الملقب بذي النورين؟ [import-127]";"سُنّة";"فوائد قرآنية";"approved"
"فائدة: عمر بن الخطاب — من الصحابي الملقب بالفاروق؟ [import-128]";"سُنّة";"فوائد قرآنية";"approved"
"فائدة: نوح عليه السلام — من أول الرسل إلى أهل الأرض بعد آدم؟ [import-129]";"سُنّة";"فوائد حديثية";"approved"
"فائدة: إبراهيم عليه السلام — من النبي الذي اتخذه الله خليلاً؟ [import-130]";"سُنّة";"فوائد حديثية";"approved"
"فائدة: موسى عليه السلام — من النبي الذي كلمه الله تكليماً؟ [import-131]";"سُنّة";"فوائد حديثية";"approved"
"فائدة: هود عليه السلام — من النبي الذي أرسل إلى قوم عاد؟ [import-132]";"سُنّة";"فوائد حديثية";"approved"
"فائدة: صالح عليه السلام — من النبي الذي أرسل إلى قوم ثمود؟ [import-133]";"سُنّة";"فوائد حديثية";"approved"
"فائدة: يونس عليه السلام — من النبي الذي ابتلعه الحوت؟ [import-134]";"سُنّة";"فوائد حديثية";"approved"
"فائدة: عيسى عليه السلام — من النبي الذي رفعه الله إليه؟ [import-135]";"سُنّة";"فوائد حديثية";"approved"
"فائدة: إبراهيم عليه السلام — من والد إسماعيل عليه السلام؟ [import-136]";"سُنّة";"فوائد حديثية";"approved"
"فائدة: سليمان عليه السلام — من النبي الذي سخر الله له الريح؟ [import-137]";"سُنّة";"فوائد حديثية";"approved"
"فائدة: أيوب عليه السلام — من النبي الذي اشتهر بالصبر على البلاء؟ [import-138]";"سُنّة";"فوائد حديثية";"approved"
"فائدة: أبو بكر الصديق — من أول الخلفاء الراشدين؟ [import-139]";"سُنّة";"فوائد حديثية";"approved"
"فائدة: عمر بن الخطاب — من ثاني الخلفاء الراشدين؟ [import-140]";"سُنّة";"فوائد حديثية";"approved"
"فائدة: عثمان بن عفان — من ثالث الخلفاء الراشدين؟ [import-141]";"سُنّة";"فوائد حديثية";"approved"
"فائدة: علي بن أبي طالب — من رابع الخلفاء الراشدين؟ [import-142]";"سُنّة";"فوائد حديثية";"approved"
"فائدة: عثمان بن عفان — من الصحابي الملقب بذي النورين؟ [import-143]";"سُنّة";"فوائد حديثية";"approved"
"فائدة: عمر بن الخطاب — من الصحابي الملقب بالفاروق؟ [import-144]";"سُنّة";"فوائد حديثية";"approved"
"فائدة: إبراهيم عليه السلام — من النبي الذي اتخذه الله خليلاً؟ [import-145]";"سُنّة";"فوائد عقدية";"approved"
"فائدة: موسى عليه السلام — من النبي الذي كلمه الله تكليماً؟ [import-146]";"سُنّة";"فوائد عقدية";"approved"
"فائدة: عيسى عليه السلام — من النبي الذي رفعه الله إليه؟ [import-147]";"سُنّة";"فوائد عقدية";"approved"
"فائدة: سليمان عليه السلام — من النبي الذي سخر الله له الريح؟ [import-148]";"سُنّة";"فوائد عقدية";"approved"
"فائدة: عائشة رضي الله عنها — من أم المؤمنين ابنة أبي بكر؟ [import-149]";"سُنّة";"فوائد عقدية";"approved"
"فائدة: المدينة المنورة — إلى أي مدينة هاجر النبي صلى الله عليه وسلم؟ [import-150]";"سُنّة";"فوائد عقدية";"approved"
"فائدة: أبو بكر الصديق — من صاحب النبي صلى الله عليه وسلم في الهجرة؟ [import-151]";"سُنّة";"فوائد عقدية";"approved"
"فائدة: مسجد قباء — ما أول مسجد أسسه النبي صلى الله عليه وسلم بعد الهجرة؟ [import-152]";"سُنّة";"فوائد عقدية";"approved"
"فائدة: صلح الحديبية — ما اسم الصلح الذي عقده النبي صلى الله عليه وسلم مع قريش؟ [import-153]";"سُنّة";"فوائد عقدية";"approved"
"فائدة: فتح مكة — ما الحدث الذي دخل فيه النبي صلى الله عليه وسلم مكة فاتحاً؟ [import-154]";"سُنّة";"فوائد عقدية";"approved"
"فائدة: عبد الله بن عباس — من الصحابي المشهور بتفسير القرآن؟ [import-155]";"سُنّة";"فوائد عقدية";"approved"
"فائدة: نوح عليه السلام — من أول الرسل إلى أهل الأرض بعد آدم؟ [import-156]";"سُنّة";"فوائد عقدية";"approved"
"فائدة: هود عليه السلام — من النبي الذي أرسل إلى قوم عاد؟ [import-157]";"سُنّة";"فوائد عقدية";"approved"
"فائدة: صالح عليه السلام — من النبي الذي أرسل إلى قوم ثمود؟ [import-158]";"سُنّة";"فوائد عقدية";"approved"
"فائدة: يونس عليه السلام — من النبي الذي ابتلعه الحوت؟ [import-159]";"سُنّة";"فوائد عقدية";"approved"
"فائدة: إبراهيم عليه السلام — من والد إسماعيل عليه السلام؟ [import-160]";"سُنّة";"فوائد عقدية";"approved"
"فائدة: الزكاة — ما العبادة المالية الواجبة على المال بشروطها؟ [import-161]";"سُنّة";"فوائد فقهية";"approved"
"فائدة: نوح عليه السلام — من أول الرسل إلى أهل الأرض بعد آدم؟ [import-162]";"سُنّة";"فوائد فقهية";"approved"
"فائدة: إبراهيم عليه السلام — من النبي الذي اتخذه الله خليلاً؟ [import-163]";"سُنّة";"فوائد فقهية";"approved"
"فائدة: موسى عليه السلام — من النبي الذي كلمه الله تكليماً؟ [import-164]";"سُنّة";"فوائد فقهية";"approved"
"فائدة: هود عليه السلام — من النبي الذي أرسل إلى قوم عاد؟ [import-165]";"سُنّة";"فوائد فقهية";"approved"
"فائدة: صالح عليه السلام — من النبي الذي أرسل إلى قوم ثمود؟ [import-166]";"سُنّة";"فوائد فقهية";"approved"
"فائدة: يونس عليه السلام — من النبي الذي ابتلعه الحوت؟ [import-167]";"سُنّة";"فوائد فقهية";"approved"
"فائدة: عيسى عليه السلام — من النبي الذي رفعه الله إليه؟ [import-168]";"سُنّة";"فوائد فقهية";"approved"
"فائدة: إبراهيم عليه السلام — من والد إسماعيل عليه السلام؟ [import-169]";"سُنّة";"فوائد فقهية";"approved"
"فائدة: سليمان عليه السلام — من النبي الذي سخر الله له الريح؟ [import-170]";"سُنّة";"فوائد فقهية";"approved"
"فائدة: أيوب عليه السلام — من النبي الذي اشتهر بالصبر على البلاء؟ [import-171]";"سُنّة";"فوائد فقهية";"approved"
"فائدة: أبو بكر الصديق — من أول الخلفاء الراشدين؟ [import-172]";"سُنّة";"فوائد فقهية";"approved"
"فائدة: عمر بن الخطاب — من ثاني الخلفاء الراشدين؟ [import-173]";"سُنّة";"فوائد فقهية";"approved"
"فائدة: عثمان بن عفان — من ثالث الخلفاء الراشدين؟ [import-174]";"سُنّة";"فوائد فقهية";"approved"
"فائدة: علي بن أبي طالب — من رابع الخلفاء الراشدين؟ [import-175]";"سُنّة";"فوائد فقهية";"approved"
"فائدة: عثمان بن عفان — من الصحابي الملقب بذي النورين؟ [import-176]";"سُنّة";"فوائد فقهية";"approved"
"فائدة: نوح عليه السلام — من أول الرسل إلى أهل الأرض بعد آدم؟ [import-177]";"سُنّة";"فوائد تربوية";"approved"
"فائدة: إبراهيم عليه السلام — من النبي الذي اتخذه الله خليلاً؟ [import-178]";"سُنّة";"فوائد تربوية";"approved"
"فائدة: موسى عليه السلام — من النبي الذي كلمه الله تكليماً؟ [import-179]";"سُنّة";"فوائد تربوية";"approved"
"فائدة: هود عليه السلام — من النبي الذي أرسل إلى قوم عاد؟ [import-180]";"سُنّة";"فوائد تربوية";"approved"
"فائدة: صالح عليه السلام — من النبي الذي أرسل إلى قوم ثمود؟ [import-181]";"سُنّة";"فوائد تربوية";"approved"
"فائدة: يونس عليه السلام — من النبي الذي ابتلعه الحوت؟ [import-182]";"سُنّة";"فوائد تربوية";"approved"
"فائدة: عيسى عليه السلام — من النبي الذي رفعه الله إليه؟ [import-183]";"سُنّة";"فوائد تربوية";"approved"
"فائدة: إبراهيم عليه السلام — من والد إسماعيل عليه السلام؟ [import-184]";"سُنّة";"فوائد تربوية";"approved"
"فائدة: سليمان عليه السلام — من النبي الذي سخر الله له الريح؟ [import-185]";"سُنّة";"فوائد تربوية";"approved"
"فائدة: أيوب عليه السلام — من النبي الذي اشتهر بالصبر على البلاء؟ [import-186]";"سُنّة";"فوائد تربوية";"approved"
"فائدة: أبو بكر الصديق — من أول الخلفاء الراشدين؟ [import-187]";"سُنّة";"فوائد تربوية";"approved"
"فائدة: عمر بن الخطاب — من ثاني الخلفاء الراشدين؟ [import-188]";"سُنّة";"فوائد تربوية";"approved"
"فائدة: عثمان بن عفان — من ثالث الخلفاء الراشدين؟ [import-189]";"سُنّة";"فوائد تربوية";"approved"
"فائدة: علي بن أبي طالب — من رابع الخلفاء الراشدين؟ [import-190]";"سُنّة";"فوائد تربوية";"approved"
"فائدة: عثمان بن عفان — من الصحابي الملقب بذي النورين؟ [import-191]";"سُنّة";"فوائد تربوية";"approved"
"فائدة: عمر بن الخطاب — من الصحابي الملقب بالفاروق؟ [import-192]";"سُنّة";"فوائد تربوية";"approved"
"فائدة: نوح عليه السلام — من أول الرسل إلى أهل الأرض بعد آدم؟ [import-193]";"سُنّة";"فوائد دعوية";"approved"
"فائدة: إبراهيم عليه السلام — من النبي الذي اتخذه الله خليلاً؟ [import-194]";"سُنّة";"فوائد دعوية";"approved"
"فائدة: موسى عليه السلام — من النبي الذي كلمه الله تكليماً؟ [import-195]";"سُنّة";"فوائد دعوية";"approved"
"فائدة: هود عليه السلام — من النبي الذي أرسل إلى قوم عاد؟ [import-196]";"سُنّة";"فوائد دعوية";"approved"
"فائدة: صالح عليه السلام — من النبي الذي أرسل إلى قوم ثمود؟ [import-197]";"سُنّة";"فوائد دعوية";"approved"
"فائدة: يونس عليه السلام — من النبي الذي ابتلعه الحوت؟ [import-198]";"سُنّة";"فوائد دعوية";"approved"
"فائدة: عيسى عليه السلام — من النبي الذي رفعه الله إليه؟ [import-199]";"سُنّة";"فوائد دعوية";"approved"
"فائدة: إبراهيم عليه السلام — من والد إسماعيل عليه السلام؟ [import-200]";"سُنّة";"فوائد دعوية";"approved"
"فائدة: سليمان عليه السلام — من النبي الذي سخر الله له الريح؟ [import-201]";"سُنّة";"فوائد دعوية";"approved"
"فائدة: أيوب عليه السلام — من النبي الذي اشتهر بالصبر على البلاء؟ [import-202]";"سُنّة";"فوائد دعوية";"approved"
"فائدة: أبو بكر الصديق — من أول الخلفاء الراشدين؟ [import-203]";"سُنّة";"فوائد دعوية";"approved"
"فائدة: عمر بن الخطاب — من ثاني الخلفاء الراشدين؟ [import-204]";"سُنّة";"فوائد دعوية";"approved"
"فائدة: عثمان بن عفان — من ثالث الخلفاء الراشدين؟ [import-205]";"سُنّة";"فوائد دعوية";"approved"
"فائدة: علي بن أبي طالب — من رابع الخلفاء الراشدين؟ [import-206]";"سُنّة";"فوائد دعوية";"approved"
"فائدة: عثمان بن عفان — من الصحابي الملقب بذي النورين؟ [import-207]";"سُنّة";"فوائد دعوية";"approved"
"فائدة: عمر بن الخطاب — من الصحابي الملقب بالفاروق؟ [import-208]";"سُنّة";"فوائد دعوية";"approved"
"فائدة: نوح عليه السلام — من أول الرسل إلى أهل الأرض بعد آدم؟ [import-209]";"سُنّة";"آداب وأخلاق";"approved"
"فائدة: إبراهيم عليه السلام — من النبي الذي اتخذه الله خليلاً؟ [import-210]";"سُنّة";"آداب وأخلاق";"approved"
"فائدة: موسى عليه السلام — من النبي الذي كلمه الله تكليماً؟ [import-211]";"سُنّة";"آداب وأخلاق";"approved"
"فائدة: هود عليه السلام — من النبي الذي أرسل إلى قوم عاد؟ [import-212]";"سُنّة";"آداب وأخلاق";"approved"
"فائدة: صالح عليه السلام — من النبي الذي أرسل إلى قوم ثمود؟ [import-213]";"سُنّة";"آداب وأخلاق";"approved"
"فائدة: يونس عليه السلام — من النبي الذي ابتلعه الحوت؟ [import-214]";"سُنّة";"آداب وأخلاق";"approved"
"فائدة: عيسى عليه السلام — من النبي الذي رفعه الله إليه؟ [import-215]";"سُنّة";"آداب وأخلاق";"approved"
"فائدة: إبراهيم عليه السلام — من والد إسماعيل عليه السلام؟ [import-216]";"سُنّة";"آداب وأخلاق";"approved"
"فائدة: سليمان عليه السلام — من النبي الذي سخر الله له الريح؟ [import-217]";"سُنّة";"آداب وأخلاق";"approved"
"فائدة: أيوب عليه السلام — من النبي الذي اشتهر بالصبر على البلاء؟ [import-218]";"سُنّة";"آداب وأخلاق";"approved"
"فائدة: أبو بكر الصديق — من أول الخلفاء الراشدين؟ [import-219]";"سُنّة";"آداب وأخلاق";"approved"
"فائدة: عمر بن الخطاب — من ثاني الخلفاء الراشدين؟ [import-220]";"سُنّة";"آداب وأخلاق";"approved"
"فائدة: عثمان بن عفان — من ثالث الخلفاء الراشدين؟ [import-221]";"سُنّة";"آداب وأخلاق";"approved"
"فائدة: علي بن أبي طالب — من رابع الخلفاء الراشدين؟ [import-222]";"سُنّة";"آداب وأخلاق";"approved"
"فائدة: عثمان بن عفان — من الصحابي الملقب بذي النورين؟ [import-223]";"سُنّة";"آداب وأخلاق";"approved"
"فائدة: عمر بن الخطاب — من الصحابي الملقب بالفاروق؟ [import-224]";"سُنّة";"آداب وأخلاق";"approved"
"فائدة: نوح عليه السلام — من أول الرسل إلى أهل الأرض بعد آدم؟ [import-225]";"سُنّة";"فوائد قرآنية";"approved"
"فائدة: إبراهيم عليه السلام — من النبي الذي اتخذه الله خليلاً؟ [import-226]";"سُنّة";"فوائد قرآنية";"approved"
"فائدة: موسى عليه السلام — من النبي الذي كلمه الله تكليماً؟ [import-227]";"سُنّة";"فوائد قرآنية";"approved"
"فائدة: هود عليه السلام — من النبي الذي أرسل إلى قوم عاد؟ [import-228]";"سُنّة";"فوائد قرآنية";"approved"
"فائدة: صالح عليه السلام — من النبي الذي أرسل إلى قوم ثمود؟ [import-229]";"سُنّة";"فوائد قرآنية";"approved"
"فائدة: يونس عليه السلام — من النبي الذي ابتلعه الحوت؟ [import-230]";"سُنّة";"فوائد قرآنية";"approved"
"فائدة: عيسى عليه السلام — من النبي الذي رفعه الله إليه؟ [import-231]";"سُنّة";"فوائد قرآنية";"approved"
"فائدة: إبراهيم عليه السلام — من والد إسماعيل عليه السلام؟ [import-232]";"سُنّة";"فوائد قرآنية";"approved"
"فائدة: سليمان عليه السلام — من النبي الذي سخر الله له الريح؟ [import-233]";"سُنّة";"فوائد قرآنية";"approved"
"فائدة: أيوب عليه السلام — من النبي الذي اشتهر بالصبر على البلاء؟ [import-234]";"سُنّة";"فوائد قرآنية";"approved"
"فائدة: أبو بكر الصديق — من أول الخلفاء الراشدين؟ [import-235]";"سُنّة";"فوائد قرآنية";"approved"
"فائدة: عمر بن الخطاب — من ثاني الخلفاء الراشدين؟ [import-236]";"سُنّة";"فوائد قرآنية";"approved"
"فائدة: عثمان بن عفان — من ثالث الخلفاء الراشدين؟ [import-237]";"سُنّة";"فوائد قرآنية";"approved"
"فائدة: علي بن أبي طالب — من رابع الخلفاء الراشدين؟ [import-238]";"سُنّة";"فوائد قرآنية";"approved"
"فائدة: عثمان بن عفان — من الصحابي الملقب بذي النورين؟ [import-239]";"سُنّة";"فوائد قرآنية";"approved"
"فائدة: عمر بن الخطاب — من الصحابي الملقب بالفاروق؟ [import-240]";"سُنّة";"فوائد قرآنية";"approved"
"فائدة: نوح عليه السلام — من أول الرسل إلى أهل الأرض بعد آدم؟ [import-241]";"سُنّة";"فوائد حديثية";"approved"
"فائدة: إبراهيم عليه السلام — من النبي الذي اتخذه الله خليلاً؟ [import-242]";"سُنّة";"فوائد حديثية";"approved"
"فائدة: موسى عليه السلام — من النبي الذي كلمه الله تكليماً؟ [import-243]";"سُنّة";"فوائد حديثية";"approved"
"فائدة: هود عليه السلام — من النبي الذي أرسل إلى قوم عاد؟ [import-244]";"سُنّة";"فوائد حديثية";"approved"
"فائدة: صالح عليه السلام — من النبي الذي أرسل إلى قوم ثمود؟ [import-245]";"سُنّة";"فوائد حديثية";"approved"
"فائدة: يونس عليه السلام — من النبي الذي ابتلعه الحوت؟ [import-246]";"سُنّة";"فوائد حديثية";"approved"
"فائدة: عيسى عليه السلام — من النبي الذي رفعه الله إليه؟ [import-247]";"سُنّة";"فوائد حديثية";"approved"
"فائدة: إبراهيم عليه السلام — من والد إسماعيل عليه السلام؟ [import-248]";"سُنّة";"فوائد حديثية";"approved"
"فائدة: سليمان عليه السلام — من النبي الذي سخر الله له الريح؟ [import-249]";"سُنّة";"فوائد حديثية";"approved"
"فائدة: أيوب عليه السلام — من النبي الذي اشتهر بالصبر على البلاء؟ [import-250]";"سُنّة";"فوائد حديثية";"approved"
"فائدة: أبو بكر الصديق — من أول الخلفاء الراشدين؟ [import-251]";"سُنّة";"فوائد حديثية";"approved"
"فائدة: عمر بن الخطاب — من ثاني الخلفاء الراشدين؟ [import-252]";"سُنّة";"فوائد حديثية";"approved"
"فائدة: عثمان بن عفان — من ثالث الخلفاء الراشدين؟ [import-253]";"سُنّة";"فوائد حديثية";"approved"
"فائدة: علي بن أبي طالب — من رابع الخلفاء الراشدين؟ [import-254]";"سُنّة";"فوائد حديثية";"approved"
"فائدة: عثمان بن عفان — من الصحابي الملقب بذي النورين؟ [import-255]";"سُنّة";"فوائد حديثية";"approved"
"فائدة: عمر بن الخطاب — من الصحابي الملقب بالفاروق؟ [import-256]";"سُنّة";"فوائد حديثية";"approved"
"فائدة: إبراهيم عليه السلام — من النبي الذي اتخذه الله خليلاً؟ [import-257]";"سُنّة";"فوائد عقدية";"approved"
"فائدة: موسى عليه السلام — من النبي الذي كلمه الله تكليماً؟ [import-258]";"سُنّة";"فوائد عقدية";"approved"
"فائدة: عيسى عليه السلام — من النبي الذي رفعه الله إليه؟ [import-259]";"سُنّة";"فوائد عقدية";"approved"
"فائدة: سليمان عليه السلام — من النبي الذي سخر الله له الريح؟ [import-260]";"سُنّة";"فوائد عقدية";"approved"
"فائدة: عائشة رضي الله عنها — من أم المؤمنين ابنة أبي بكر؟ [import-261]";"سُنّة";"فوائد عقدية";"approved"
"فائدة: المدينة المنورة — إلى أي مدينة هاجر النبي صلى الله عليه وسلم؟ [import-262]";"سُنّة";"فوائد عقدية";"approved"
"فائدة: أبو بكر الصديق — من صاحب النبي صلى الله عليه وسلم في الهجرة؟ [import-263]";"سُنّة";"فوائد عقدية";"approved"
"فائدة: مسجد قباء — ما أول مسجد أسسه النبي صلى الله عليه وسلم بعد الهجرة؟ [import-264]";"سُنّة";"فوائد عقدية";"approved"
"فائدة: صلح الحديبية — ما اسم الصلح الذي عقده النبي صلى الله عليه وسلم مع قريش؟ [import-265]";"سُنّة";"فوائد عقدية";"approved"
"فائدة: فتح مكة — ما الحدث الذي دخل فيه النبي صلى الله عليه وسلم مكة فاتحاً؟ [import-266]";"سُنّة";"فوائد عقدية";"approved"
"فائدة: عبد الله بن عباس — من الصحابي المشهور بتفسير القرآن؟ [import-267]";"سُنّة";"فوائد عقدية";"approved"
"فائدة: نوح عليه السلام — من أول الرسل إلى أهل الأرض بعد آدم؟ [import-268]";"سُنّة";"فوائد عقدية";"approved"
"فائدة: هود عليه السلام — من النبي الذي أرسل إلى قوم عاد؟ [import-269]";"سُنّة";"فوائد عقدية";"approved"
"فائدة: صالح عليه السلام — من النبي الذي أرسل إلى قوم ثمود؟ [import-270]";"سُنّة";"فوائد عقدية";"approved"
"فائدة: يونس عليه السلام — من النبي الذي ابتلعه الحوت؟ [import-271]";"سُنّة";"فوائد عقدية";"approved"
"فائدة: إبراهيم عليه السلام — من والد إسماعيل عليه السلام؟ [import-272]";"سُنّة";"فوائد عقدية";"approved"
"فائدة: الزكاة — ما العبادة المالية الواجبة على المال بشروطها؟ [import-273]";"سُنّة";"فوائد فقهية";"approved"
"فائدة: نوح عليه السلام — من أول الرسل إلى أهل الأرض بعد آدم؟ [import-274]";"سُنّة";"فوائد فقهية";"approved"
"فائدة: إبراهيم عليه السلام — من النبي الذي اتخذه الله خليلاً؟ [import-275]";"سُنّة";"فوائد فقهية";"approved"
"فائدة: موسى عليه السلام — من النبي الذي كلمه الله تكليماً؟ [import-276]";"سُنّة";"فوائد فقهية";"approved"
"فائدة: هود عليه السلام — من النبي الذي أرسل إلى قوم عاد؟ [import-277]";"سُنّة";"فوائد فقهية";"approved"
"فائدة: صالح عليه السلام — من النبي الذي أرسل إلى قوم ثمود؟ [import-278]";"سُنّة";"فوائد فقهية";"approved"
"فائدة: يونس عليه السلام — من النبي الذي ابتلعه الحوت؟ [import-279]";"سُنّة";"فوائد فقهية";"approved"
"فائدة: عيسى عليه السلام — من النبي الذي رفعه الله إليه؟ [import-280]";"سُنّة";"فوائد فقهية";"approved"
"فائدة: إبراهيم عليه السلام — من والد إسماعيل عليه السلام؟ [import-281]";"سُنّة";"فوائد فقهية";"approved"
"فائدة: سليمان عليه السلام — من النبي الذي سخر الله له الريح؟ [import-282]";"سُنّة";"فوائد فقهية";"approved"
"فائدة: أيوب عليه السلام — من النبي الذي اشتهر بالصبر على البلاء؟ [import-283]";"سُنّة";"فوائد فقهية";"approved"
"فائدة: أبو بكر الصديق — من أول الخلفاء الراشدين؟ [import-284]";"سُنّة";"فوائد فقهية";"approved"
"فائدة: عمر بن الخطاب — من ثاني الخلفاء الراشدين؟ [import-285]";"سُنّة";"فوائد فقهية";"approved"
"فائدة: عثمان بن عفان — من ثالث الخلفاء الراشدين؟ [import-286]";"سُنّة";"فوائد فقهية";"approved"
"فائدة: علي بن أبي طالب — من رابع الخلفاء الراشدين؟ [import-287]";"سُنّة";"فوائد فقهية";"approved"
"فائدة: عثمان بن عفان — من الصحابي الملقب بذي النورين؟ [import-288]";"سُنّة";"فوائد فقهية";"approved"
"فائدة: نوح عليه السلام — من أول الرسل إلى أهل الأرض بعد آدم؟ [import-289]";"سُنّة";"فوائد تربوية";"approved"
"فائدة: إبراهيم عليه السلام — من النبي الذي اتخذه الله خليلاً؟ [import-290]";"سُنّة";"فوائد تربوية";"approved"
"فائدة: موسى عليه السلام — من النبي الذي كلمه الله تكليماً؟ [import-291]";"سُنّة";"فوائد تربوية";"approved"
"فائدة: هود عليه السلام — من النبي الذي أرسل إلى قوم عاد؟ [import-292]";"سُنّة";"فوائد تربوية";"approved"
"فائدة: صالح عليه السلام — من النبي الذي أرسل إلى قوم ثمود؟ [import-293]";"سُنّة";"فوائد تربوية";"approved"
"فائدة: يونس عليه السلام — من النبي الذي ابتلعه الحوت؟ [import-294]";"سُنّة";"فوائد تربوية";"approved"
"فائدة: عيسى عليه السلام — من النبي الذي رفعه الله إليه؟ [import-295]";"سُنّة";"فوائد تربوية";"approved"
"فائدة: إبراهيم عليه السلام — من والد إسماعيل عليه السلام؟ [import-296]";"سُنّة";"فوائد تربوية";"approved"
"فائدة: سليمان عليه السلام — من النبي الذي سخر الله له الريح؟ [import-297]";"سُنّة";"فوائد تربوية";"approved"
"فائدة: أيوب عليه السلام — من النبي الذي اشتهر بالصبر على البلاء؟ [import-298]";"سُنّة";"فوائد تربوية";"approved"
"فائدة: أبو بكر الصديق — من أول الخلفاء الراشدين؟ [import-299]";"سُنّة";"فوائد تربوية";"approved"
"فائدة: عمر بن الخطاب — من ثاني الخلفاء الراشدين؟ [import-300]";"سُنّة";"فوائد تربوية";"approved"
"فائدة: عثمان بن عفان — من ثالث الخلفاء الراشدين؟ [import-301]";"سُنّة";"فوائد تربوية";"approved"
"فائدة: علي بن أبي طالب — من رابع الخلفاء الراشدين؟ [import-302]";"سُنّة";"فوائد تربوية";"approved"
"فائدة: عثمان بن عفان — من الصحابي الملقب بذي النورين؟ [import-303]";"سُنّة";"فوائد تربوية";"approved"
"فائدة: عمر بن الخطاب — من الصحابي الملقب بالفاروق؟ [import-304]";"سُنّة";"فوائد تربوية";"approved"
"فائدة: نوح عليه السلام — من أول الرسل إلى أهل الأرض بعد آدم؟ [import-305]";"سُنّة";"فوائد دعوية";"approved"
"فائدة: إبراهيم عليه السلام — من النبي الذي اتخذه الله خليلاً؟ [import-306]";"سُنّة";"فوائد دعوية";"approved"
"فائدة: موسى عليه السلام — من النبي الذي كلمه الله تكليماً؟ [import-307]";"سُنّة";"فوائد دعوية";"approved"
"فائدة: هود عليه السلام — من النبي الذي أرسل إلى قوم عاد؟ [import-308]";"سُنّة";"فوائد دعوية";"approved"
"فائدة: صالح عليه السلام — من النبي الذي أرسل إلى قوم ثمود؟ [import-309]";"سُنّة";"فوائد دعوية";"approved"
"فائدة: يونس عليه السلام — من النبي الذي ابتلعه الحوت؟ [import-310]";"سُنّة";"فوائد دعوية";"approved"
"فائدة: عيسى عليه السلام — من النبي الذي رفعه الله إليه؟ [import-311]";"سُنّة";"فوائد دعوية";"approved"
"فائدة: إبراهيم عليه السلام — من والد إسماعيل عليه السلام؟ [import-312]";"سُنّة";"فوائد دعوية";"approved"
"فائدة: سليمان عليه السلام — من النبي الذي سخر الله له الريح؟ [import-313]";"سُنّة";"فوائد دعوية";"approved"
"فائدة: أيوب عليه السلام — من النبي الذي اشتهر بالصبر على البلاء؟ [import-314]";"سُنّة";"فوائد دعوية";"approved"
"فائدة: أبو بكر الصديق — من أول الخلفاء الراشدين؟ [import-315]";"سُنّة";"فوائد دعوية";"approved"
"فائدة: عمر بن الخطاب — من ثاني الخلفاء الراشدين؟ [import-316]";"سُنّة";"فوائد دعوية";"approved"
"فائدة: عثمان بن عفان — من ثالث الخلفاء الراشدين؟ [import-317]";"سُنّة";"فوائد دعوية";"approved"
"فائدة: علي بن أبي طالب — من رابع الخلفاء الراشدين؟ [import-318]";"سُنّة";"فوائد دعوية";"approved"
"فائدة: عثمان بن عفان — من الصحابي الملقب بذي النورين؟ [import-319]";"سُنّة";"فوائد دعوية";"approved"
"فائدة: عمر بن الخطاب — من الصحابي الملقب بالفاروق؟ [import-320]";"سُنّة";"فوائد دعوية";"approved"
"فائدة: نوح عليه السلام — من أول الرسل إلى أهل الأرض بعد آدم؟ [import-321]";"سُنّة";"آداب وأخلاق";"approved"
"فائدة: إبراهيم عليه السلام — من النبي الذي اتخذه الله خليلاً؟ [import-322]";"سُنّة";"آداب وأخلاق";"approved"
"فائدة: موسى عليه السلام — من النبي الذي كلمه الله تكليماً؟ [import-323]";"سُنّة";"آداب وأخلاق";"approved"
"فائدة: هود عليه السلام — من النبي الذي أرسل إلى قوم عاد؟ [import-324]";"سُنّة";"آداب وأخلاق";"approved"
"فائدة: صالح عليه السلام — من النبي الذي أرسل إلى قوم ثمود؟ [import-325]";"سُنّة";"آداب وأخلاق";"approved"
"فائدة: يونس عليه السلام — من النبي الذي ابتلعه الحوت؟ [import-326]";"سُنّة";"آداب وأخلاق";"approved"
"فائدة: عيسى عليه السلام — من النبي الذي رفعه الله إليه؟ [import-327]";"سُنّة";"آداب وأخلاق";"approved"
"فائدة: إبراهيم عليه السلام — من والد إسماعيل عليه السلام؟ [import-328]";"سُنّة";"آداب وأخلاق";"approved"
"فائدة: سليمان عليه السلام — من النبي الذي سخر الله له الريح؟ [import-329]";"سُنّة";"آداب وأخلاق";"approved"
"فائدة: أيوب عليه السلام — من النبي الذي اشتهر بالصبر على البلاء؟ [import-330]";"سُنّة";"آداب وأخلاق";"approved"
"فائدة: أبو بكر الصديق — من أول الخلفاء الراشدين؟ [import-331]";"سُنّة";"آداب وأخلاق";"approved"
"فائدة: عمر بن الخطاب — من ثاني الخلفاء الراشدين؟ [import-332]";"سُنّة";"آداب وأخلاق";"approved"
"فائدة: عثمان بن عفان — من ثالث الخلفاء الراشدين؟ [import-333]";"سُنّة";"آداب وأخلاق";"approved"
"فائدة: علي بن أبي طالب — من رابع الخلفاء الراشدين؟ [import-334]";"سُنّة";"آداب وأخلاق";"approved"
"فائدة: عثمان بن عفان — من الصحابي الملقب بذي النورين؟ [import-335]";"سُنّة";"آداب وأخلاق";"approved"
"فائدة: عمر بن الخطاب — من الصحابي الملقب بالفاروق؟ [import-336]";"سُنّة";"آداب وأخلاق";"approved"
"فائدة: نوح عليه السلام — من أول الرسل إلى أهل الأرض بعد آدم؟ [import-337]";"سُنّة";"فوائد قرآنية";"approved"
"فائدة: إبراهيم عليه السلام — من النبي الذي اتخذه الله خليلاً؟ [import-338]";"سُنّة";"فوائد قرآنية";"approved"
"فائدة: موسى عليه السلام — من النبي الذي كلمه الله تكليماً؟ [import-339]";"سُنّة";"فوائد قرآنية";"approved"
"فائدة: هود عليه السلام — من النبي الذي أرسل إلى قوم عاد؟ [import-340]";"سُنّة";"فوائد قرآنية";"approved"
"فائدة: صالح عليه السلام — من النبي الذي أرسل إلى قوم ثمود؟ [import-341]";"سُنّة";"فوائد قرآنية";"approved"
"فائدة: يونس عليه السلام — من النبي الذي ابتلعه الحوت؟ [import-342]";"سُنّة";"فوائد قرآنية";"approved"
"فائدة: عيسى عليه السلام — من النبي الذي رفعه الله إليه؟ [import-343]";"سُنّة";"فوائد قرآنية";"approved"
"فائدة: إبراهيم عليه السلام — من والد إسماعيل عليه السلام؟ [import-344]";"سُنّة";"فوائد قرآنية";"approved"
"فائدة: سليمان عليه السلام — من النبي الذي سخر الله له الريح؟ [import-345]";"سُنّة";"فوائد قرآنية";"approved"
"فائدة: أيوب عليه السلام — من النبي الذي اشتهر بالصبر على البلاء؟ [import-346]";"سُنّة";"فوائد قرآنية";"approved"
"فائدة: أبو بكر الصديق — من أول الخلفاء الراشدين؟ [import-347]";"سُنّة";"فوائد قرآنية";"approved"
"فائدة: عمر بن الخطاب — من ثاني الخلفاء الراشدين؟ [import-348]";"سُنّة";"فوائد قرآنية";"approved"
"فائدة: عثمان بن عفان — من ثالث الخلفاء الراشدين؟ [import-349]";"سُنّة";"فوائد قرآنية";"approved"
"فائدة: علي بن أبي طالب — من رابع الخلفاء الراشدين؟ [import-350]";"سُنّة";"فوائد قرآنية";"approved"
"فائدة: عثمان بن عفان — من الصحابي الملقب بذي النورين؟ [import-351]";"سُنّة";"فوائد قرآنية";"approved"
"فائدة: عمر بن الخطاب — من الصحابي الملقب بالفاروق؟ [import-352]";"سُنّة";"فوائد قرآنية";"approved"
"فائدة: نوح عليه السلام — من أول الرسل إلى أهل الأرض بعد آدم؟ [import-353]";"سُنّة";"فوائد حديثية";"approved"
"فائدة: إبراهيم عليه السلام — من النبي الذي اتخذه الله خليلاً؟ [import-354]";"سُنّة";"فوائد حديثية";"approved"
"فائدة: موسى عليه السلام — من النبي الذي كلمه الله تكليماً؟ [import-355]";"سُنّة";"فوائد حديثية";"approved"
"فائدة: هود عليه السلام — من النبي الذي أرسل إلى قوم عاد؟ [import-356]";"سُنّة";"فوائد حديثية";"approved"
"فائدة: صالح عليه السلام — من النبي الذي أرسل إلى قوم ثمود؟ [import-357]";"سُنّة";"فوائد حديثية";"approved"
"فائدة: يونس عليه السلام — من النبي الذي ابتلعه الحوت؟ [import-358]";"سُنّة";"فوائد حديثية";"approved"
"فائدة: عيسى عليه السلام — من النبي الذي رفعه الله إليه؟ [import-359]";"سُنّة";"فوائد حديثية";"approved"
"فائدة: إبراهيم عليه السلام — من والد إسماعيل عليه السلام؟ [import-360]";"سُنّة";"فوائد حديثية";"approved"
"فائدة: سليمان عليه السلام — من النبي الذي سخر الله له الريح؟ [import-361]";"سُنّة";"فوائد حديثية";"approved"
"فائدة: أيوب عليه السلام — من النبي الذي اشتهر بالصبر على البلاء؟ [import-362]";"سُنّة";"فوائد حديثية";"approved"
"فائدة: أبو بكر الصديق — من أول الخلفاء الراشدين؟ [import-363]";"سُنّة";"فوائد حديثية";"approved"
"فائدة: عمر بن الخطاب — من ثاني الخلفاء الراشدين؟ [import-364]";"سُنّة";"فوائد حديثية";"approved"
"فائدة: عثمان بن عفان — من ثالث الخلفاء الراشدين؟ [import-365]";"سُنّة";"فوائد حديثية";"approved"
"فائدة: علي بن أبي طالب — من رابع الخلفاء الراشدين؟ [import-366]";"سُنّة";"فوائد حديثية";"approved"
"فائدة: عثمان بن عفان — من الصحابي الملقب بذي النورين؟ [import-367]";"سُنّة";"فوائد حديثية";"approved"
"فائدة: عمر بن الخطاب — من الصحابي الملقب بالفاروق؟ [import-368]";"سُنّة";"فوائد حديثية";"approved"
"فائدة: إبراهيم عليه السلام — من النبي الذي اتخذه الله خليلاً؟ [import-369]";"سُنّة";"فوائد عقدية";"approved"
"فائدة: موسى عليه السلام — من النبي الذي كلمه الله تكليماً؟ [import-370]";"سُنّة";"فوائد عقدية";"approved"
"فائدة: عيسى عليه السلام — من النبي الذي رفعه الله إليه؟ [import-371]";"سُنّة";"فوائد عقدية";"approved"
"فائدة: سليمان عليه السلام — من النبي الذي سخر الله له الريح؟ [import-372]";"سُنّة";"فوائد عقدية";"approved"
"فائدة: عائشة رضي الله عنها — من أم المؤمنين ابنة أبي بكر؟ [import-373]";"سُنّة";"فوائد عقدية";"approved"
"فائدة: المدينة المنورة — إلى أي مدينة هاجر النبي صلى الله عليه وسلم؟ [import-374]";"سُنّة";"فوائد عقدية";"approved"
"فائدة: أبو بكر الصديق — من صاحب النبي صلى الله عليه وسلم في الهجرة؟ [import-375]";"سُنّة";"فوائد عقدية";"approved"
"فائدة: مسجد قباء — ما أول مسجد أسسه النبي صلى الله عليه وسلم بعد الهجرة؟ [import-376]";"سُنّة";"فوائد عقدية";"approved"
"فائدة: صلح الحديبية — ما اسم الصلح الذي عقده النبي صلى الله عليه وسلم مع قريش؟ [import-377]";"سُنّة";"فوائد عقدية";"approved"
"فائدة: فتح مكة — ما الحدث الذي دخل فيه النبي صلى الله عليه وسلم مكة فاتحاً؟ [import-378]";"سُنّة";"فوائد عقدية";"approved"
"فائدة: عبد الله بن عباس — من الصحابي المشهور بتفسير القرآن؟ [import-379]";"سُنّة";"فوائد عقدية";"approved"
"فائدة: نوح عليه السلام — من أول الرسل إلى أهل الأرض بعد آدم؟ [import-380]";"سُنّة";"فوائد عقدية";"approved"
"فائدة: هود عليه السلام — من النبي الذي أرسل إلى قوم عاد؟ [import-381]";"سُنّة";"فوائد عقدية";"approved"
"فائدة: صالح عليه السلام — من النبي الذي أرسل إلى قوم ثمود؟ [import-382]";"سُنّة";"فوائد عقدية";"approved"
"فائدة: يونس عليه السلام — من النبي الذي ابتلعه الحوت؟ [import-383]";"سُنّة";"فوائد عقدية";"approved"
"فائدة: إبراهيم عليه السلام — من والد إسماعيل عليه السلام؟ [import-384]";"سُنّة";"فوائد عقدية";"approved"
"فائدة: الزكاة — ما العبادة المالية الواجبة على المال بشروطها؟ [import-385]";"سُنّة";"فوائد فقهية";"approved"
"فائدة: نوح عليه السلام — من أول الرسل إلى أهل الأرض بعد آدم؟ [import-386]";"سُنّة";"فوائد فقهية";"approved"
"فائدة: إبراهيم عليه السلام — من النبي الذي اتخذه الله خليلاً؟ [import-387]";"سُنّة";"فوائد فقهية";"approved"
"فائدة: موسى عليه السلام — من النبي الذي كلمه الله تكليماً؟ [import-388]";"سُنّة";"فوائد فقهية";"approved"
"فائدة: هود عليه السلام — من النبي الذي أرسل إلى قوم عاد؟ [import-389]";"سُنّة";"فوائد فقهية";"approved"
"فائدة: صالح عليه السلام — من النبي الذي أرسل إلى قوم ثمود؟ [import-390]";"سُنّة";"فوائد فقهية";"approved"
"فائدة: يونس عليه السلام — من النبي الذي ابتلعه الحوت؟ [import-391]";"سُنّة";"فوائد فقهية";"approved"
"فائدة: عيسى عليه السلام — من النبي الذي رفعه الله إليه؟ [import-392]";"سُنّة";"فوائد فقهية";"approved"
"فائدة: إبراهيم عليه السلام — من والد إسماعيل عليه السلام؟ [import-393]";"سُنّة";"فوائد فقهية";"approved"
"فائدة: سليمان عليه السلام — من النبي الذي سخر الله له الريح؟ [import-394]";"سُنّة";"فوائد فقهية";"approved"
"فائدة: أيوب عليه السلام — من النبي الذي اشتهر بالصبر على البلاء؟ [import-395]";"سُنّة";"فوائد فقهية";"approved"
"فائدة: أبو بكر الصديق — من أول الخلفاء الراشدين؟ [import-396]";"سُنّة";"فوائد فقهية";"approved"
"فائدة: عمر بن الخطاب — من ثاني الخلفاء الراشدين؟ [import-397]";"سُنّة";"فوائد فقهية";"approved"
"فائدة: عثمان بن عفان — من ثالث الخلفاء الراشدين؟ [import-398]";"سُنّة";"فوائد فقهية";"approved"
"فائدة: علي بن أبي طالب — من رابع الخلفاء الراشدين؟ [import-399]";"سُنّة";"فوائد فقهية";"approved"
"فائدة: عثمان بن عفان — من الصحابي الملقب بذي النورين؟ [import-400]";"سُنّة";"فوائد فقهية";"approved"
"فائدة: نوح عليه السلام — من أول الرسل إلى أهل الأرض بعد آدم؟ [import-401]";"سُنّة";"فوائد تربوية";"approved"
"فائدة: إبراهيم عليه السلام — من النبي الذي اتخذه الله خليلاً؟ [import-402]";"سُنّة";"فوائد تربوية";"approved"
"فائدة: موسى عليه السلام — من النبي الذي كلمه الله تكليماً؟ [import-403]";"سُنّة";"فوائد تربوية";"approved"
"فائدة: هود عليه السلام — من النبي الذي أرسل إلى قوم عاد؟ [import-404]";"سُنّة";"فوائد تربوية";"approved"
"فائدة: صالح عليه السلام — من النبي الذي أرسل إلى قوم ثمود؟ [import-405]";"سُنّة";"فوائد تربوية";"approved"
"فائدة: يونس عليه السلام — من النبي الذي ابتلعه الحوت؟ [import-406]";"سُنّة";"فوائد تربوية";"approved"
"فائدة: عيسى عليه السلام — من النبي الذي رفعه الله إليه؟ [import-407]";"سُنّة";"فوائد تربوية";"approved"
"فائدة: إبراهيم عليه السلام — من والد إسماعيل عليه السلام؟ [import-408]";"سُنّة";"فوائد تربوية";"approved"
"فائدة: سليمان عليه السلام — من النبي الذي سخر الله له الريح؟ [import-409]";"سُنّة";"فوائد تربوية";"approved"
"فائدة: أيوب عليه السلام — من النبي الذي اشتهر بالصبر على البلاء؟ [import-410]";"سُنّة";"فوائد تربوية";"approved"
"فائدة: أبو بكر الصديق — من أول الخلفاء الراشدين؟ [import-411]";"سُنّة";"فوائد تربوية";"approved"
"فائدة: عمر بن الخطاب — من ثاني الخلفاء الراشدين؟ [import-412]";"سُنّة";"فوائد تربوية";"approved"
"فائدة: عثمان بن عفان — من ثالث الخلفاء الراشدين؟ [import-413]";"سُنّة";"فوائد تربوية";"approved"
"فائدة: علي بن أبي طالب — من رابع الخلفاء الراشدين؟ [import-414]";"سُنّة";"فوائد تربوية";"approved"
"فائدة: عثمان بن عفان — من الصحابي الملقب بذي النورين؟ [import-415]";"سُنّة";"فوائد تربوية";"approved"
"فائدة: عمر بن الخطاب — من الصحابي الملقب بالفاروق؟ [import-416]";"سُنّة";"فوائد تربوية";"approved"
"فائدة: نوح عليه السلام — من أول الرسل إلى أهل الأرض بعد آدم؟ [import-417]";"سُنّة";"فوائد دعوية";"approved"
"فائدة: إبراهيم عليه السلام — من النبي الذي اتخذه الله خليلاً؟ [import-418]";"سُنّة";"فوائد دعوية";"approved"
"فائدة: موسى عليه السلام — من النبي الذي كلمه الله تكليماً؟ [import-419]";"سُنّة";"فوائد دعوية";"approved"
"فائدة: هود عليه السلام — من النبي الذي أرسل إلى قوم عاد؟ [import-420]";"سُنّة";"فوائد دعوية";"approved"
"فائدة: صالح عليه السلام — من النبي الذي أرسل إلى قوم ثمود؟ [import-421]";"سُنّة";"فوائد دعوية";"approved"
"فائدة: يونس عليه السلام — من النبي الذي ابتلعه الحوت؟ [import-422]";"سُنّة";"فوائد دعوية";"approved"
"فائدة: عيسى عليه السلام — من النبي الذي رفعه الله إليه؟ [import-423]";"سُنّة";"فوائد دعوية";"approved"
"فائدة: إبراهيم عليه السلام — من والد إسماعيل عليه السلام؟ [import-424]";"سُنّة";"فوائد دعوية";"approved"
"فائدة: سليمان عليه السلام — من النبي الذي سخر الله له الريح؟ [import-425]";"سُنّة";"فوائد دعوية";"approved"
"فائدة: أيوب عليه السلام — من النبي الذي اشتهر بالصبر على البلاء؟ [import-426]";"سُنّة";"فوائد دعوية";"approved"
"فائدة: أبو بكر الصديق — من أول الخلفاء الراشدين؟ [import-427]";"سُنّة";"فوائد دعوية";"approved"
"فائدة: عمر بن الخطاب — من ثاني الخلفاء الراشدين؟ [import-428]";"سُنّة";"فوائد دعوية";"approved"
"فائدة: عثمان بن عفان — من ثالث الخلفاء الراشدين؟ [import-429]";"سُنّة";"فوائد دعوية";"approved"
"فائدة: علي بن أبي طالب — من رابع الخلفاء الراشدين؟ [import-430]";"سُنّة";"فوائد دعوية";"approved"
"فائدة: عثمان بن عفان — من الصحابي الملقب بذي النورين؟ [import-431]";"سُنّة";"فوائد دعوية";"approved"
"فائدة: عمر بن الخطاب — من الصحابي الملقب بالفاروق؟ [import-432]";"سُنّة";"فوائد دعوية";"approved"
"فائدة: نوح عليه السلام — من أول الرسل إلى أهل الأرض بعد آدم؟ [import-433]";"سُنّة";"آداب وأخلاق";"approved"
"فائدة: إبراهيم عليه السلام — من النبي الذي اتخذه الله خليلاً؟ [import-434]";"سُنّة";"آداب وأخلاق";"approved"
"فائدة: موسى عليه السلام — من النبي الذي كلمه الله تكليماً؟ [import-435]";"سُنّة";"آداب وأخلاق";"approved"
"فائدة: هود عليه السلام — من النبي الذي أرسل إلى قوم عاد؟ [import-436]";"سُنّة";"آداب وأخلاق";"approved"
"فائدة: صالح عليه السلام — من النبي الذي أرسل إلى قوم ثمود؟ [import-437]";"سُنّة";"آداب وأخلاق";"approved"
"فائدة: يونس عليه السلام — من النبي الذي ابتلعه الحوت؟ [import-438]";"سُنّة";"آداب وأخلاق";"approved"
"فائدة: عيسى عليه السلام — من النبي الذي رفعه الله إليه؟ [import-439]";"سُنّة";"آداب وأخلاق";"approved"
"فائدة: إبراهيم عليه السلام — من والد إسماعيل عليه السلام؟ [import-440]";"سُنّة";"آداب وأخلاق";"approved"
"فائدة: سليمان عليه السلام — من النبي الذي سخر الله له الريح؟ [import-441]";"سُنّة";"آداب وأخلاق";"approved"
"فائدة: أيوب عليه السلام — من النبي الذي اشتهر بالصبر على البلاء؟ [import-442]";"سُنّة";"آداب وأخلاق";"approved"
"فائدة: أبو بكر الصديق — من أول الخلفاء الراشدين؟ [import-443]";"سُنّة";"آداب وأخلاق";"approved"
"فائدة: عمر بن الخطاب — من ثاني الخلفاء الراشدين؟ [import-444]";"سُنّة";"آداب وأخلاق";"approved"
"فائدة: عثمان بن عفان — من ثالث الخلفاء الراشدين؟ [import-445]";"سُنّة";"آداب وأخلاق";"approved"
"فائدة: علي بن أبي طالب — من رابع الخلفاء الراشدين؟ [import-446]";"سُنّة";"آداب وأخلاق";"approved"
"فائدة: عثمان بن عفان — من الصحابي الملقب بذي النورين؟ [import-447]";"سُنّة";"آداب وأخلاق";"approved"
"فائدة: عمر بن الخطاب — من الصحابي الملقب بالفاروق؟ [import-448]";"سُنّة";"آداب وأخلاق";"approved"
"فائدة: نوح عليه السلام — من أول الرسل إلى أهل الأرض بعد آدم؟ [import-449]";"سُنّة";"فوائد قرآنية";"approved"
"فائدة: إبراهيم عليه السلام — من النبي الذي اتخذه الله خليلاً؟ [import-450]";"سُنّة";"فوائد قرآنية";"approved"
"فائدة: موسى عليه السلام — من النبي الذي كلمه الله تكليماً؟ [import-451]";"سُنّة";"فوائد قرآنية";"approved"
"فائدة: هود عليه السلام — من النبي الذي أرسل إلى قوم عاد؟ [import-452]";"سُنّة";"فوائد قرآنية";"approved"
"فائدة: صالح عليه السلام — من النبي الذي أرسل إلى قوم ثمود؟ [import-453]";"سُنّة";"فوائد قرآنية";"approved"
"فائدة: يونس عليه السلام — من النبي الذي ابتلعه الحوت؟ [import-454]";"سُنّة";"فوائد قرآنية";"approved"
"فائدة: عيسى عليه السلام — من النبي الذي رفعه الله إليه؟ [import-455]";"سُنّة";"فوائد قرآنية";"approved"
"فائدة: إبراهيم عليه السلام — من والد إسماعيل عليه السلام؟ [import-456]";"سُنّة";"فوائد قرآنية";"approved"
"فائدة: سليمان عليه السلام — من النبي الذي سخر الله له الريح؟ [import-457]";"سُنّة";"فوائد قرآنية";"approved"
"فائدة: أيوب عليه السلام — من النبي الذي اشتهر بالصبر على البلاء؟ [import-458]";"سُنّة";"فوائد قرآنية";"approved"
"فائدة: أبو بكر الصديق — من أول الخلفاء الراشدين؟ [import-459]";"سُنّة";"فوائد قرآنية";"approved"
"فائدة: عمر بن الخطاب — من ثاني الخلفاء الراشدين؟ [import-460]";"سُنّة";"فوائد قرآنية";"approved"
"فائدة: عثمان بن عفان — من ثالث الخلفاء الراشدين؟ [import-461]";"سُنّة";"فوائد قرآنية";"approved"
"فائدة: علي بن أبي طالب — من رابع الخلفاء الراشدين؟ [import-462]";"سُنّة";"فوائد قرآنية";"approved"
"فائدة: عثمان بن عفان — من الصحابي الملقب بذي النورين؟ [import-463]";"سُنّة";"فوائد قرآنية";"approved"
"فائدة: عمر بن الخطاب — من الصحابي الملقب بالفاروق؟ [import-464]";"سُنّة";"فوائد قرآنية";"approved"
"فائدة: نوح عليه السلام — من أول الرسل إلى أهل الأرض بعد آدم؟ [import-465]";"سُنّة";"فوائد حديثية";"approved"
"فائدة: إبراهيم عليه السلام — من النبي الذي اتخذه الله خليلاً؟ [import-466]";"سُنّة";"فوائد حديثية";"approved"
"فائدة: موسى عليه السلام — من النبي الذي كلمه الله تكليماً؟ [import-467]";"سُنّة";"فوائد حديثية";"approved"
"فائدة: هود عليه السلام — من النبي الذي أرسل إلى قوم عاد؟ [import-468]";"سُنّة";"فوائد حديثية";"approved"
"فائدة: صالح عليه السلام — من النبي الذي أرسل إلى قوم ثمود؟ [import-469]";"سُنّة";"فوائد حديثية";"approved"
"فائدة: يونس عليه السلام — من النبي الذي ابتلعه الحوت؟ [import-470]";"سُنّة";"فوائد حديثية";"approved"
"فائدة: عيسى عليه السلام — من النبي الذي رفعه الله إليه؟ [import-471]";"سُنّة";"فوائد حديثية";"approved"
"فائدة: إبراهيم عليه السلام — من والد إسماعيل عليه السلام؟ [import-472]";"سُنّة";"فوائد حديثية";"approved"
"فائدة: سليمان عليه السلام — من النبي الذي سخر الله له الريح؟ [import-473]";"سُنّة";"فوائد حديثية";"approved"
"فائدة: أيوب عليه السلام — من النبي الذي اشتهر بالصبر على البلاء؟ [import-474]";"سُنّة";"فوائد حديثية";"approved"
"فائدة: أبو بكر الصديق — من أول الخلفاء الراشدين؟ [import-475]";"سُنّة";"فوائد حديثية";"approved"
"فائدة: عمر بن الخطاب — من ثاني الخلفاء الراشدين؟ [import-476]";"سُنّة";"فوائد حديثية";"approved"
"فائدة: عثمان بن عفان — من ثالث الخلفاء الراشدين؟ [import-477]";"سُنّة";"فوائد حديثية";"approved"
"فائدة: علي بن أبي طالب — من رابع الخلفاء الراشدين؟ [import-478]";"سُنّة";"فوائد حديثية";"approved"
"فائدة: عثمان بن عفان — من الصحابي الملقب بذي النورين؟ [import-479]";"سُنّة";"فوائد حديثية";"approved"
"فائدة: عمر بن الخطاب — من الصحابي الملقب بالفاروق؟ [import-480]";"سُنّة";"فوائد حديثية";"approved"
"فائدة: إبراهيم عليه السلام — من النبي الذي اتخذه الله خليلاً؟ [import-481]";"سُنّة";"فوائد عقدية";"approved"
"فائدة: موسى عليه السلام — من النبي الذي كلمه الله تكليماً؟ [import-482]";"سُنّة";"فوائد عقدية";"approved"
"فائدة: عيسى عليه السلام — من النبي الذي رفعه الله إليه؟ [import-483]";"سُنّة";"فوائد عقدية";"approved"
"فائدة: سليمان عليه السلام — من النبي الذي سخر الله له الريح؟ [import-484]";"سُنّة";"فوائد عقدية";"approved"
"فائدة: عائشة رضي الله عنها — من أم المؤمنين ابنة أبي بكر؟ [import-485]";"سُنّة";"فوائد عقدية";"approved"
"فائدة: المدينة المنورة — إلى أي مدينة هاجر النبي صلى الله عليه وسلم؟ [import-486]";"سُنّة";"فوائد عقدية";"approved"
"فائدة: أبو بكر الصديق — من صاحب النبي صلى الله عليه وسلم في الهجرة؟ [import-487]";"سُنّة";"فوائد عقدية";"approved"
"فائدة: مسجد قباء — ما أول مسجد أسسه النبي صلى الله عليه وسلم بعد الهجرة؟ [import-488]";"سُنّة";"فوائد عقدية";"approved"
"فائدة: صلح الحديبية — ما اسم الصلح الذي عقده النبي صلى الله عليه وسلم مع قريش؟ [import-489]";"سُنّة";"فوائد عقدية";"approved"
"فائدة: فتح مكة — ما الحدث الذي دخل فيه النبي صلى الله عليه وسلم مكة فاتحاً؟ [import-490]";"سُنّة";"فوائد عقدية";"approved"
"فائدة: عبد الله بن عباس — من الصحابي المشهور بتفسير القرآن؟ [import-491]";"سُنّة";"فوائد عقدية";"approved"
"فائدة: نوح عليه السلام — من أول الرسل إلى أهل الأرض بعد آدم؟ [import-492]";"سُنّة";"فوائد عقدية";"approved"
"فائدة: هود عليه السلام — من النبي الذي أرسل إلى قوم عاد؟ [import-493]";"سُنّة";"فوائد عقدية";"approved"
"فائدة: صالح عليه السلام — من النبي الذي أرسل إلى قوم ثمود؟ [import-494]";"سُنّة";"فوائد عقدية";"approved"
"فائدة: يونس عليه السلام — من النبي الذي ابتلعه الحوت؟ [import-495]";"سُنّة";"فوائد عقدية";"approved"
"فائدة: إبراهيم عليه السلام — من والد إسماعيل عليه السلام؟ [import-496]";"سُنّة";"فوائد عقدية";"approved"
"فائدة: الزكاة — ما العبادة المالية الواجبة على المال بشروطها؟ [import-497]";"سُنّة";"فوائد فقهية";"approved"
"فائدة: نوح عليه السلام — من أول الرسل إلى أهل الأرض بعد آدم؟ [import-498]";"سُنّة";"فوائد فقهية";"approved"
"فائدة: إبراهيم عليه السلام — من النبي الذي اتخذه الله خليلاً؟ [import-499]";"سُنّة";"فوائد فقهية";"approved"
"فائدة: موسى عليه السلام — من النبي الذي كلمه الله تكليماً؟ [import-500]";"سُنّة";"فوائد فقهية";"approved"